{"stats":{"minecraft:dropped":{"minecraft:beef":1,"minecraft:diamond":3},"minecraft:used":{"witherstormmod:withered_symbiont_spawn_egg":1,"witherstormmod:tainted_skeleton_wall":1,"minecraft:wolf_spawn_egg":1,"mca:female_villager_spawn_egg":4,"minecraft:brown_wool":2,"cataclysm:final_fractal":10,"minecraft:splash_potion":5,"minecraft:horse_spawn_egg":1},"minecraft:custom":{"minecraft:open_barrel":3,"minecraft:open_chest":2,"minecraft:time_since_rest":4516,"minecraft:crouch_one_cm":1188,"minecraft:sprint_one_cm":3225,"minecraft:play_time":32281,"minecraft:deaths":1,"tombstone:undead_killed":1,"minecraft:walk_one_cm":16262,"minecraft:sneak_time":2273,"minecraft:walk_under_water_one_cm":4729,"minecraft:mob_kills":3,"minecraft:drop":4,"minecraft:jump":54,"minecraft:damage_dealt":958,"minecraft:leave_game":2,"minecraft:walk_on_water_one_cm":3310,"minecraft:time_since_death":7816,"minecraft:sleep_in_bed":1,"minecraft:total_world_time":32281,"minecraft:swim_one_cm":5449,"minecraft:talked_to_villager":2,"minecraft:fly_one_cm":383281,"minecraft:horse_one_cm":54651},"minecraft:picked_up":{"minecraft:oak_door":1,"minecraft:diamond":1,"minecraft:wheat_seeds":1,"alexsmobs:maggot":1,"supplementaries:ash":1,"witherstormmod:command_block_book":1},"minecraft:killed":{"witherstormmod:withered_symbiont":1,"alexsmobs:tiger":1}},"DataVersion":3337}