{"stats":{"minecraft:dropped":{"minecraft:beef":1,"minecraft:diamond":3},"minecraft:used":{"witherstormmod:withered_symbiont_spawn_egg":1,"witherstormmod:tainted_skeleton_wall":1,"minecraft:wolf_spawn_egg":1,"mca:female_villager_spawn_egg":2,"minecraft:brown_wool":2,"cataclysm:final_fractal":6,"minecraft:horse_spawn_egg":1},"minecraft:custom":{"minecraft:open_barrel":3,"minecraft:open_chest":1,"minecraft:time_since_rest":20281,"minecraft:crouch_one_cm":917,"minecraft:sprint_one_cm":2129,"minecraft:play_time":20281,"tombstone:undead_killed":1,"minecraft:walk_one_cm":10011,"minecraft:sneak_time":1808,"minecraft:walk_under_water_one_cm":3686,"minecraft:mob_kills":1,"minecraft:drop":4,"minecraft:jump":39,"minecraft:damage_dealt":716,"minecraft:leave_game":2,"minecraft:walk_on_water_one_cm":2391,"minecraft:time_since_death":20281,"minecraft:total_world_time":20281,"minecraft:swim_one_cm":5449,"minecraft:talked_to_villager":1,"minecraft:fly_one_cm":298023,"minecraft:horse_one_cm":54651},"minecraft:picked_up":{"minecraft:diamond":1,"minecraft:wheat_seeds":1,"witherstormmod:command_block_book":1},"minecraft:killed":{"witherstormmod:withered_symbiont":1}},"DataVersion":3337}